<?xml version="1.0" encoding="UTF-8"?>
<project name="module_meow" default="compile.module.meow">
  <dirname property="module.meow.basedir" file="${ant.file.module_meow}"/>
  
  <property name="module.jdk.home.meow" value="${project.jdk.home}"/>
  <property name="module.jdk.bin.meow" value="${project.jdk.bin}"/>
  <property name="module.jdk.classpath.meow" value="${project.jdk.classpath}"/>
  
  <property name="compiler.args.meow" value="-encoding UTF-8 -source 8 -target 8 ${compiler.args}"/>
  
  <property name="meow.output.dir" value="${module.meow.basedir}/out/production/Meow"/>
  <property name="meow.testoutput.dir" value="${module.meow.basedir}/out/test/Meow"/>
  
  <path id="meow.module.bootclasspath">
    <!-- Paths to be included in compilation bootclasspath -->
  </path>
  
  <path id="meow.module.production.classpath">
    <path refid="${module.jdk.classpath.meow}"/>
    <path refid="library.spigot-1.7.10-snapshot-b1657.classpath"/>
  </path>
  
  <path id="meow.runtime.production.module.classpath">
    <pathelement location="${meow.output.dir}"/>
    <path refid="library.spigot-1.7.10-snapshot-b1657.classpath"/>
  </path>
  
  <path id="meow.module.classpath">
    <path refid="${module.jdk.classpath.meow}"/>
    <pathelement location="${meow.output.dir}"/>
    <path refid="library.spigot-1.7.10-snapshot-b1657.classpath"/>
  </path>
  
  <path id="meow.runtime.module.classpath">
    <pathelement location="${meow.testoutput.dir}"/>
    <pathelement location="${meow.output.dir}"/>
    <path refid="library.spigot-1.7.10-snapshot-b1657.classpath"/>
  </path>
  
  
  <patternset id="excluded.from.module.meow">
    <patternset refid="ignored.files"/>
  </patternset>
  
  <patternset id="excluded.from.compilation.meow">
    <patternset refid="excluded.from.module.meow"/>
  </patternset>
  
  <path id="meow.module.sourcepath">
    <dirset dir="${module.meow.basedir}">
      <include name="src"/>
    </dirset>
  </path>
  
  
  <target name="compile.module.meow" depends="compile.module.meow.production,compile.module.meow.tests" description="Compile module Meow"/>
  
  <target name="compile.module.meow.production" depends="register.custom.compilers" description="Compile module Meow; production classes">
    <mkdir dir="${meow.output.dir}"/>
    <javac2 destdir="${meow.output.dir}" debug="${compiler.debug}" nowarn="${compiler.generate.no.warnings}" memorymaximumsize="${compiler.max.memory}" fork="true" executable="${module.jdk.bin.meow}/javac">
      <compilerarg line="${compiler.args.meow}"/>
      <bootclasspath refid="meow.module.bootclasspath"/>
      <classpath refid="meow.module.production.classpath"/>
      <src refid="meow.module.sourcepath"/>
      <patternset refid="excluded.from.compilation.meow"/>
    </javac2>
    
    <copy todir="${meow.output.dir}">
      <fileset dir="${module.meow.basedir}/src">
        <patternset refid="compiler.resources"/>
        <type type="file"/>
      </fileset>
    </copy>
  </target>
  
  <target name="compile.module.meow.tests" depends="register.custom.compilers,compile.module.meow.production" description="compile module Meow; test classes" unless="skip.tests"/>
  
  <target name="clean.module.meow" description="cleanup module">
    <delete dir="${meow.output.dir}"/>
    <delete dir="${meow.testoutput.dir}"/>
  </target>
</project>